{"stats":{"minecraft:crafted":{"minecraft:jungle_planks":8},"minecraft:picked_up":{"minecraft:cocoa_beans":2,"minecraft:jungle_sapling":1,"minecraft:jungle_log":2,"minecraft:dirt":4},"minecraft:custom":{"minecraft:jump":130,"minecraft:time_since_rest":2089,"minecraft:deaths":1,"minecraft:walk_one_cm":9306,"minecraft:damage_taken":270,"minecraft:leave_game":1,"minecraft:play_time":7001,"minecraft:sprint_one_cm":8129,"minecraft:time_since_death":2489,"minecraft:total_world_time":7001,"minecraft:climb_one_cm":5723,"minecraft:fall_one_cm":7650,"minecraft:fly_one_cm":15652},"minecraft:mined":{"minecraft:grass_block":2,"minecraft:jungle_leaves":6,"minecraft:jungle_log":2,"minecraft:dirt":3},"minecraft:used":{"minecraft:dirt":4}},"DataVersion":3465}